Wall time,Step,Value
1702082122.8437,0,-1.0
1702082482.574868,1000,-1.0
1702083242.160141,2000,-1.0
1702083999.21334,3000,-1.0
1702084757.714568,4000,-1.0
1702085656.423385,5000,-1.0
1702086413.54848,6000,-1.0
1702087171.561444,7000,-1.0
1702087930.188645,8000,-1.0
