Wall time,Step,Value
1702082122.872616,0,0.017521928995847702
1702082482.605139,1000,0.007842406630516052
1702083242.191616,2000,0.007930322550237179
1702083999.244974,3000,0.006853536702692509
1702084757.743101,4000,0.005407190416008234
1702085656.45115,5000,0.005056198686361313
1702086413.574503,6000,0.004564950708299875
1702087171.591663,7000,0.004923180676996708
1702087930.217197,8000,0.005169807467609644
