Wall time,Step,Value
1702082122.857746,0,0.0028162056114524603
1702082482.589324,1000,0.38453879952430725
1702083242.173801,2000,0.3767032325267792
1702083999.22919,3000,0.4429848790168762
1702084757.72868,4000,0.46553316712379456
1702085656.436671,5000,0.4686334431171417
1702086413.560854,6000,0.5245632529258728
1702087171.576089,7000,0.47851020097732544
1702087930.201898,8000,0.5220224261283875
