Wall time,Step,Value
1702082122.870112,0,0.018362484872341156
1702082482.601476,1000,0.48608532547950745
1702083242.188652,2000,0.47594958543777466
1702083999.242016,3000,0.5361988544464111
1702084757.740195,4000,0.5445061922073364
1702085656.448636,5000,0.5743465423583984
1702086413.57198,6000,0.6242167949676514
1702087171.588604,7000,0.5530871152877808
1702087930.214291,8000,0.621314525604248
