Wall time,Step,Value
1702082122.836078,0,0.0001506821281509474
1702082482.56826,1000,0.2890763580799103
1702083242.154642,2000,0.35266685485839844
1702083999.20746,3000,0.3591775596141815
1702084757.708763,4000,0.41592937707901
1702085656.417963,5000,0.5300315022468567
1702086413.542968,6000,0.5752179026603699
1702087171.556012,7000,0.5423346161842346
1702087930.183104,8000,0.6278735995292664
