Wall time,Step,Value
1702082122.828064,0,2.3863949536462314e-05
1702082482.55334,1000,0.12070705741643906
1702083242.142762,2000,0.1591382920742035
1702083999.198516,3000,0.17271111905574799
1702084757.701178,4000,0.19775161147117615
1702085656.408425,5000,0.29304465651512146
1702086413.534354,6000,0.32582515478134155
1702087171.547167,7000,0.31191158294677734
1702087930.173096,8000,0.3509257435798645
