Wall time,Step,Value
1702082122.851081,0,3.936253415304236e-05
1702082482.582371,1000,0.1316845864057541
1702083242.166968,2000,0.17602014541625977
1702083999.221089,3000,0.19121208786964417
1702084757.721436,4000,0.21835394203662872
1702085656.430236,5000,0.3245035409927368
1702086413.554609,6000,0.35206159949302673
1702087171.569685,7000,0.33104878664016724
1702087930.195064,8000,0.41379210352897644
