Wall time,Step,Value
1702082122.866901,0,0.014560439623892307
1702082482.597695,1000,0.19955044984817505
1702083242.183633,2000,0.20779220759868622
1702083999.238406,3000,0.2938324213027954
1702084757.736895,4000,0.25523850321769714
1702085656.445174,5000,0.24643856287002563
1702086413.568866,6000,0.3157767355442047
1702087171.585266,7000,0.2058466523885727
1702087930.210952,8000,0.2960152328014374
