Wall time,Step,Value
1702082122.860981,0,0.01671351119875908
1702082482.592283,1000,0.45092904567718506
1702083242.176791,2000,0.4434771239757538
1702083999.232553,3000,0.5020586848258972
1702084757.731413,4000,0.5092998147010803
1702085656.439541,5000,0.5298974514007568
1702086413.56359,6000,0.5718343257904053
1702087171.579286,7000,0.5106585621833801
1702087930.205287,8000,0.5665685534477234
