Wall time,Step,Value
1702082122.839571,0,9.410692882738658e-07
1702082482.571843,1000,0.06564128398895264
1702083242.158107,2000,0.11463074386119843
1702083999.211216,3000,0.15485204756259918
1702084757.712286,4000,0.16153627634048462
1702085656.421305,5000,0.29779288172721863
1702086413.546331,6000,0.33673062920570374
1702087171.559356,7000,0.32954320311546326
1702087930.186579,8000,0.34281420707702637
