Wall time,Step,Value
1702082122.876005,0,0.02834242954850197
1702082482.609595,1000,0.029068294912576675
1702083242.194976,2000,0.0314718522131443
1702083999.248643,3000,0.034803356975317
1702084757.747014,4000,0.03759537637233734
1702085656.455204,5000,0.03921233490109444
1702086413.57795,6000,0.04088228568434715
1702087171.595484,7000,0.04245402663946152
1702087930.221382,8000,0.04400301352143288
