Wall time,Step,Value
1702082122.854314,0,0.0
1702082482.585808,1000,0.2533484995365143
1702083242.170699,2000,0.2537830173969269
1702083999.22544,3000,0.27126261591911316
1702084757.724804,4000,0.32475119829177856
1702085656.433569,5000,0.3408172130584717
1702086413.557673,6000,0.3639625012874603
1702087171.573018,7000,0.3670858144760132
1702087930.198437,8000,0.37234577536582947
