Wall time,Step,Value
1702082122.874341,0,1.0237408876419067
1702082482.607382,1000,25.05312728881836
1702083242.193319,2000,2.413477659225464
1702083999.246951,3000,3.0419740676879883
1702084757.745234,4000,2.708883285522461
1702085656.453187,5000,0.9792249202728271
1702086413.57624,6000,1.2335033416748047
1702087171.593784,7000,0.7458069920539856
1702087930.219334,8000,0.7403197288513184
