Wall time,Step,Value
1702082122.863242,0,-1.0
1702082482.594496,1000,-1.0
1702083242.179766,2000,-1.0
1702083999.23483,3000,-1.0
1702084757.733541,4000,-1.0
1702085656.441872,5000,-1.0
1702086413.565813,6000,-1.0
1702087171.581497,7000,-1.0
1702087930.207547,8000,-1.0
