Wall time,Step,Value
1702082122.847875,0,4.89668054797221e-05
1702082482.578855,1000,0.024030907079577446
1702083242.163468,2000,0.0476665273308754
1702083999.217501,3000,0.04237968102097511
1702084757.718163,4000,0.039575450122356415
1702085656.426791,5000,0.03408682346343994
1702086413.551566,6000,0.0891665369272232
1702087171.565507,7000,0.08588787913322449
1702087930.191972,8000,0.04988638684153557
