Wall time,Step,Value
1702082122.878335,0,1.0696052312850952
1702082482.611993,1000,25.09004020690918
1702083242.197099,2000,2.4528799057006836
1702083999.250379,3000,3.0836312770843506
1702084757.748721,4000,2.7518856525421143
1702085656.457231,5000,1.0234934091567993
1702086413.579644,6000,1.278950572013855
1702087171.597313,7000,0.7931842803955078
1702087930.223074,8000,0.7894925475120544
